/replay 3ec8b741-af2f-4bbe-a8f5-38efbe88c2f7 #77b94c71,solar system
unkown,monster
unknown,island
unknown,tree house
/replay 2da3c03b-b1e2-414a-ad15-059659ee11e9 #00e708f3,turtle
/replay dc485870-07f7-4570-b265-027cb12e3d49 #2b5e2f4b,money
/replay 597f26c4-e084-4e68-8a4d-df52b2422c80 #e7a2034d,tree house
/replay f2f061bf-b465-49f0-8241-2db8988dec0f #388934a8,pineapple
/replay 7b9c6c3e-9b79-4a99-96e6-043078ac75b2 #48942666,panda
/replay ec24ec7c-16b9-43ba-a855-a85bbe00e002 #e718f9bb,treehouse
/replay f8a889b8-51d1-482c-8552-05ec20c4d851 #a25f11cc,magic
/replay 7050f714-38f8-4617-8a8d-6b92b145d759 #05c73072,octopus
/replay 5e8ab19a-0ad2-4c47-9893-fcc3d7e86ec7 #e8d011d9,treehouse
/replay 951db913-85ad-4544-ae0e-5617b16c87e9 #f89675ce,slime
/replay ad35b8d6-2861-4d1e-84d1-d6cfcaf8cf21 #38e612fd,dinosour
/replay 2e49242b-8caf-459f-9731-ae3e9325293d #d69fe24b,princess
/replay 936e66c3-a502-4689-9db5-920c0de2c164 #35fd1c72,ninja
/replay f5f63c7a-c25c-4ebe-8801-5ef7c532c650 #ee1b18c1,golem
/replay b71b61c2-a288-488e-b454-f541e7aaa1fc #844c2b1c,octopus
/replay b959c8ae-306b-45fa-a544-b0b384ea0568 #437e5929,king
/replay 9979c40f-979f-469b-b8ed-4ff63ed28ba3 #acb07bd2,caterpillar
/replay 80366d1b-7ca4-437c-91d6-1020871c6a3f #f18087d7,magic
/replay dd6e4aaa-518e-42bb-b9a9-be54b68423a4 #a9c58d77,breach
/replay 34122ce0-4b3a-4e63-9bc5-17da0e0f8f2e #efbba24a,pyramid
/replay 334379e5-96c8-4999-808c-49352f746b44 #9930bcef,treasure
/replay 14d70bec-79b8-44e5-8b4e-4d80d3d011bb #5492197f,heart
/replay 9540714a-b694-4721-ac0a-e4b9acdf76ed #2404f01a,angel
/replay 983c8992-7913-4d90-9cd2-19c826bb1b73 #7a2b9446,rabbit
/replay 780c7e29-7660-4458-a634-0726e6c51382 #b5153e64,volcano
/replay 884a8b99-ed6c-4b96-8a80-80e683d60093 #bb137012,robot
